{"stats":{"minecraft:used":{"minecraft:stone_sword":17,"minecraft:birch_planks":16,"minecraft:stone_pickaxe":131,"minecraft:baked_potato":6,"minecraft:chest":7,"minecraft:wooden_pickaxe":9,"minecraft:cookie":7,"minecraft:torch":2,"minecraft:dirt":7,"minecraft:crafting_table":2,"minecraft:white_bed":2,"minecraft:apple":4,"minecraft:bread":1,"minecraft:melon_slice":53,"minecraft:iron_pickaxe":18,"justhammers:stone_hammer":55,"minecraft:stone_axe":39,"minecraft:cobblestone":5,"minecraft:porkchop":5},"minecraft:killed_by":{"minecraft:player":1,"minecraft:skeleton":2,"minecraft:creeper":1},"minecraft:mined":{"minecraft:white_bed":2,"minecraft:dark_oak_leaves":22,"minecraft:jungle_leaves":4,"minecraft:grass_block":4,"minecraft:jungle_planks":1,"minecraft:melon":8,"minecraft:jungle_log":1194,"more_gems:citrine_ore":5,"minecraft:cobblestone":2,"minecraft:diorite":5,"minecraft:birch_log":41,"minecraft:iron_ore":2,"minecraft:birch_leaves":2,"minecraft:grass":18,"minecraft:oak_log":42,"minecraft:coal_ore":22,"minecraft:vine":11,"minecraft:dirt":4,"minecraft:stone":117,"minecraft:bone_block":5,"minecraft:oak_leaves":9,"minecraft:fern":6},"minecraft:broken":{"minecraft:stone_axe":7},"minecraft:custom":{"minecraft:interact_with_furnace":5,"minecraft:mob_kills":7,"minecraft:interact_with_anvil":1,"minecraft:traded_with_villager":8,"minecraft:interact_with_crafting_table":14,"minecraft:interact_with_cartography_table":1,"minecraft:interact_with_campfire":40,"minecraft:damage_dealt_resisted":236,"minecraft:leave_game":3,"minecraft:time_since_death":124384,"minecraft:sleep_in_bed":5,"minecraft:climb_one_cm":40170,"minecraft:time_since_rest":54682,"minecraft:sprint_one_cm":387996,"minecraft:damage_taken":2860,"minecraft:walk_one_cm":365687,"minecraft:drop":11,"minecraft:damage_dealt":1073,"minecraft:damage_dealt_absorbed":149,"minecraft:swim_one_cm":23767,"minecraft:talked_to_villager":15,"minecraft:fly_one_cm":282495,"minecraft:player_kills":2,"minecraft:open_chest":49,"minecraft:crouch_one_cm":3473,"minecraft:play_time":154523,"minecraft:deaths":5,"minecraft:sneak_time":1040,"minecraft:walk_under_water_one_cm":3947,"minecraft:jump":2041,"minecraft:interact_with_blast_furnace":4,"minecraft:walk_on_water_one_cm":4298,"minecraft:interact_with_smoker":6,"minecraft:total_world_time":154523,"minecraft:fall_one_cm":55159,"minecraft:inspect_dispenser":2},"minecraft:picked_up":{"minecraft:birch_log":48,"minecraft:cocoa_beans":3,"minecraft:jungle_log":1073,"minecraft:leather":2,"minecraft:wooden_pickaxe":1,"minecraft:oak_log":37,"minecraft:dirt":8,"minecraft:raw_copper":15,"minecraft:apple":4,"minecraft:wheat_seeds":1,"minecraft:beef":5,"minecraft:iron_ingot":2,"minecraft:stone_pickaxe":1,"minecraft:jungle_sapling":53,"minecraft:lectern":1,"minecraft:melon_slice":53,"minecraft:birch_sapling":20,"minecraft:egg":2,"minecraft:dark_oak_sapling":3,"minecraft:stick":134,"minecraft:raw_iron":2,"more_gems:citrine":5,"minecraft:jungle_planks":1,"minecraft:porkchop":5,"justhammers:stone_hammer":4,"minecraft:white_bed":2,"minecraft:stripped_jungle_log":8,"minecraft:stone_sword":1,"minecraft:rotten_flesh":3,"minecraft:chainmail_helmet":1,"minecraft:baked_potato":40,"minecraft:oak_sapling":19,"minecraft:bone_block":5,"minecraft:coal":42,"minecraft:cobblestone":586},"minecraft:killed":{"minecraft:pig":3,"minecraft:zombie":1,"minecraft:player":2,"minecraft:cow":3},"minecraft:crafted":{"minecraft:emerald":8,"minecraft:crafting_table":2,"minecraft:wooden_pickaxe":1,"minecraft:stone":3,"minecraft:birch_planks":168,"minecraft:stone_axe":11,"minecraft:air":0,"minecraft:jungle_planks":68,"justhammers:stone_hammer":1,"minecraft:stick":268,"minecraft:stone_pickaxe":2,"minecraft:chest":7,"minecraft:torch":4},"minecraft:dropped":{"minecraft:cobblestone":2,"justhammers:stone_hammer":3,"minecraft:wooden_pickaxe":1,"minecraft:birch_log":5,"minecraft:lectern":1}},"DataVersion":3465}