{"stats":{"minecraft:used":{"minecraft:stone_sword":149,"minecraft:chest":4,"minecraft:shield":27,"minecraft:creeper_head":1,"minecraft:cooked_chicken":3,"minecraft:torch":69,"minecraft:jungle_planks":9,"minecraft:wooden_axe":2,"minecraft:jungle_log":3,"minecraft:iron_boots":1,"minecraft:furnace":3,"minecraft:oak_sapling":5,"minecraft:cooked_beef":1,"minecraft:golden_axe":6,"minecraft:iron_leggings":1,"minecraft:stone_pickaxe":265,"minecraft:baked_potato":7,"minecraft:wooden_pickaxe":27,"minecraft:crafting_table":6,"minecraft:blast_furnace":10,"minecraft:white_bed":4,"minecraft:smoker":2,"minecraft:apple":1,"minecraft:dark_oak_log":8,"minecraft:melon_slice":26,"minecraft:iron_pickaxe":3,"minecraft:lectern":1,"justhammers:stone_hammer":41,"minecraft:stone_axe":12,"minecraft:cobblestone":97},"minecraft:mined":{"minecraft:white_bed":4,"minecraft:dark_oak_leaves":5,"minecraft:deepslate_diamond_ore":1,"minecraft:dark_oak_log":46,"minecraft:jungle_leaves":1,"minecraft:cave_vines_plant":1,"minecraft:grass_block":2,"minecraft:jungle_planks":1,"minecraft:jungle_log":73,"minecraft:moss_block":2,"minecraft:furnace":3,"minecraft:iron_ore":2,"minecraft:pumpkin":2,"minecraft:deepslate_iron_ore":11,"minecraft:vine":2,"minecraft:stripped_jungle_log":2,"minecraft:stone":156,"minecraft:blast_furnace":12,"minecraft:melon":15,"minecraft:lectern":1,"minecraft:tall_grass":1,"minecraft:copper_ore":1,"minecraft:cobblestone":4,"minecraft:lapis_ore":1,"minecraft:oak_planks":2,"minecraft:wall_torch":2,"minecraft:birch_log":6,"minecraft:magenta_bed":1,"minecraft:creeper_head":1,"minecraft:grass":11,"minecraft:oak_log":15,"minecraft:coal_ore":97,"minecraft:gravel":1,"minecraft:oak_leaves":4,"minecraft:fern":1},"minecraft:killed_by":{"minecraft:husk":2,"minecraft:player":1,"minecraft:creeper":2,"minecraft:spider":1,"minecraft:skeleton":7,"minecraft:zombie":1},"minecraft:broken":{"minecraft:stone_pickaxe":1},"minecraft:picked_up":{"minecraft:chicken":7,"minecraft:creeper_head":4,"minecraft:leather_leggings":1,"minecraft:shield":1,"minecraft:raw_copper":4,"minecraft:wooden_sword":2,"minecraft:iron_leggings":2,"minecraft:cobbled_deepslate":42,"minecraft:beef":2,"minecraft:jungle_sapling":18,"minecraft:iron_pickaxe":2,"minecraft:lectern":1,"minecraft:melon_slice":75,"minecraft:birch_sapling":5,"minecraft:iron_boots":2,"minecraft:furnace":4,"minecraft:dark_oak_sapling":8,"minecraft:stick":35,"minecraft:raw_iron":35,"minecraft:stone":12,"minecraft:torch":63,"minecraft:cookie":60,"minecraft:diorite":9,"minecraft:stone_sword":3,"minecraft:arrow":4,"minecraft:rotten_flesh":9,"minecraft:obsidian":4,"minecraft:cobblestone":617,"minecraft:birch_log":19,"minecraft:feather":2,"minecraft:cooked_beef":1,"minecraft:andesite":6,"minecraft:salmon":11,"minecraft:jungle_log":131,"minecraft:potato":43,"minecraft:oak_log":12,"minecraft:magenta_bed":1,"minecraft:gunpowder":2,"minecraft:lapis_lazuli":6,"minecraft:dirt":7,"artifacts:shock_pendant":2,"minecraft:bone":7,"minecraft:apple":1,"minecraft:wheat_seeds":2,"minecraft:cooked_chicken":1,"minecraft:stone_pickaxe":6,"minecraft:iron_ingot":2,"minecraft:moss_block":2,"minecraft:iron_sword":1,"minecraft:oak_planks":2,"minecraft:pumpkin":2,"minecraft:gravel":1,"minecraft:jungle_planks":194,"justhammers:stone_hammer":2,"minecraft:blast_furnace":18,"minecraft:white_bed":5,"minecraft:dark_oak_log":46,"minecraft:stripped_jungle_log":2,"minecraft:diamond":2,"minecraft:stone_axe":2,"minecraft:bread":10,"minecraft:baked_potato":43,"minecraft:oak_sapling":5,"minecraft:coal":249},"minecraft:custom":{"minecraft:interact_with_smithing_table":1,"minecraft:mob_kills":14,"minecraft:interact_with_anvil":1,"minecraft:interact_with_crafting_table":58,"minecraft:open_barrel":7,"minecraft:damage_dealt_resisted":2309,"minecraft:time_since_death":6543,"minecraft:damage_resisted":67,"minecraft:climb_one_cm":18817,"minecraft:sprint_one_cm":379393,"minecraft:walk_one_cm":364049,"minecraft:damage_blocked_by_shield":2085,"minecraft:drop":33,"minecraft:damage_dealt_absorbed":1370,"minecraft:talked_to_villager":6,"minecraft:play_time":155153,"minecraft:deaths":18,"minecraft:sneak_time":3517,"minecraft:walk_under_water_one_cm":1021,"minecraft:jump":2360,"minecraft:interact_with_brewingstand":1,"minecraft:interact_with_blast_furnace":15,"minecraft:walk_on_water_one_cm":13052,"minecraft:total_world_time":155153,"minecraft:interact_with_furnace":32,"minecraft:interact_with_cartography_table":1,"minecraft:interact_with_grindstone":1,"minecraft:sleep_in_bed":4,"minecraft:time_since_rest":6601,"minecraft:damage_taken":7614,"minecraft:damage_absorbed":120,"minecraft:damage_dealt":3068,"minecraft:swim_one_cm":12782,"minecraft:player_kills":1,"minecraft:fly_one_cm":329821,"minecraft:open_chest":27,"minecraft:crouch_one_cm":4698,"minecraft:interact_with_smoker":27,"minecraft:fall_one_cm":77352,"minecraft:inspect_dispenser":1},"minecraft:killed":{"minecraft:skeleton":3,"minecraft:chicken":3,"artifacts:mimic":1,"minecraft:zombie":6,"minecraft:player":1,"minecraft:cow":1},"minecraft:crafted":{"minecraft:wooden_sword":1,"minecraft:oak_planks":48,"minecraft:cooked_chicken":4,"minecraft:furnace":2,"minecraft:stone":37,"minecraft:stone_pickaxe":3,"minecraft:chest":4,"minecraft:smoker":2,"minecraft:cooked_beef":2,"minecraft:crafting_table":6,"minecraft:wooden_pickaxe":2,"minecraft:baked_potato":50,"minecraft:copper_ingot":4,"minecraft:birch_planks":56,"minecraft:stone_axe":2,"minecraft:jungle_planks":148,"justhammers:stone_hammer":3,"minecraft:shield":1,"minecraft:stick":92,"minecraft:iron_ingot":3,"minecraft:wooden_axe":1,"minecraft:stone_sword":5,"minecraft:torch":144},"minecraft:dropped":{"minecraft:iron_ingot":2,"minecraft:moss_block":2,"minecraft:cobblestone":7,"minecraft:jungle_planks":1,"minecraft:stick":8,"minecraft:torch":16,"minecraft:wooden_axe":1,"minecraft:melon_slice":32,"minecraft:wooden_sword":3,"minecraft:bone":1,"minecraft:gravel":1,"minecraft:stone_sword":4,"minecraft:birch_sapling":2,"minecraft:rotten_flesh":5,"justhammers:stone_hammer":1,"minecraft:stone":16,"minecraft:leather_leggings":1,"minecraft:arrow":2,"minecraft:stone_pickaxe":1,"minecraft:wooden_pickaxe":1}},"DataVersion":3465}