{"stats":{"minecraft:custom":{"minecraft:time_since_rest":298,"minecraft:interact_with_furnace":3,"minecraft:sprint_one_cm":51260,"minecraft:damage_taken":800,"minecraft:walk_one_cm":25918,"minecraft:mob_kills":1,"minecraft:damage_dealt":100,"minecraft:damage_dealt_absorbed":41,"minecraft:swim_one_cm":9737,"minecraft:interact_with_crafting_table":4,"minecraft:fly_one_cm":45087,"minecraft:play_time":12154,"minecraft:deaths":3,"minecraft:sneak_time":7,"minecraft:walk_under_water_one_cm":108,"minecraft:damage_dealt_resisted":10,"minecraft:jump":194,"minecraft:leave_game":2,"minecraft:walk_on_water_one_cm":1054,"minecraft:time_since_death":275,"minecraft:climb_one_cm":423,"minecraft:total_world_time":12154,"minecraft:fall_one_cm":7377},"minecraft:picked_up":{"minecraft:birch_log":4,"minecraft:dark_oak_sapling":8,"minecraft:crafting_table":1,"minecraft:stick":5,"minecraft:raw_iron":8,"minecraft:leather":1,"minecraft:dark_oak_log":59,"minecraft:beef":2,"minecraft:birch_sapling":1,"minecraft:cobblestone":20},"minecraft:mined":{"minecraft:birch_log":4,"minecraft:iron_ore":8,"minecraft:dark_oak_log":59,"minecraft:crafting_table":1,"minecraft:stone":20},"minecraft:crafted":{"minecraft:cooked_beef":2,"minecraft:crafting_table":1,"minecraft:stick":4,"minecraft:wooden_pickaxe":1,"minecraft:stone_pickaxe":1,"minecraft:stone_sword":1,"minecraft:furnace":1,"minecraft:dark_oak_planks":236,"minecraft:stone_axe":1},"minecraft:killed_by":{"minecraft:creeper":1,"minecraft:spider":2},"minecraft:killed":{"minecraft:cow":1},"minecraft:used":{"minecraft:stone_pickaxe":25,"minecraft:wooden_pickaxe":3,"minecraft:stone_axe":2,"minecraft:crafting_table":2,"minecraft:furnace":1,"minecraft:cooked_beef":1}},"DataVersion":3465}