{"stats":{"minecraft:used":{"minecraft:stone_sword":43,"minecraft:torch":51,"minecraft:dirt":1,"minecraft:mutton":1,"minecraft:jungle_planks":12,"minecraft:wooden_axe":9,"minecraft:birch_sapling":13,"minecraft:iron_helmet":1,"minecraft:oak_sapling":9,"minecraft:furnace":4,"minecraft:egg":1,"minecraft:leather_leggings":1,"minecraft:stone_pickaxe":238,"minecraft:baked_potato":19,"minecraft:wooden_pickaxe":3,"minecraft:cookie":8,"minecraft:crafting_table":2,"minecraft:white_bed":5,"justhammers:iron_hammer":110,"minecraft:diamond_pickaxe":47,"minecraft:apple":2,"minecraft:melon_slice":17,"minecraft:iron_pickaxe":2,"justhammers:stone_hammer":57,"minecraft:stone_axe":18,"minecraft:cobblestone":67,"minecraft:birch_log":4},"minecraft:killed_by":{"minecraft:player":1,"minecraft:creeper":3,"minecraft:spider":2,"minecraft:skeleton":6,"minecraft:zombie":3},"minecraft:mined":{"minecraft:tuff":1,"minecraft:white_bed":6,"minecraft:dark_oak_leaves":1,"minecraft:deepslate_diamond_ore":1,"minecraft:jungle_leaves":4,"minecraft:grass_block":5,"minecraft:jungle_planks":2,"minecraft:iron_ore":11,"minecraft:fire":3,"minecraft:andesite":1,"minecraft:deepslate_lapis_ore":4,"minecraft:deepslate_iron_ore":26,"minecraft:vine":3,"minecraft:stone":163,"minecraft:crafting_table":2,"minecraft:torch":13,"minecraft:cobblestone":3,"minecraft:lapis_ore":6,"minecraft:deepslate_gold_ore":1,"minecraft:wall_torch":15,"more_gems:spinel_ore_deepslate":1,"more_gems:sapphire_ore_deepslate":3,"minecraft:birch_log":39,"minecraft:grass":6,"minecraft:oak_log":7,"minecraft:coal_ore":70,"minecraft:dirt":8,"minecraft:oak_leaves":6,"minecraft:deepslate":5},"minecraft:broken":{"minecraft:stone_pickaxe":1},"minecraft:custom":{"minecraft:mob_kills":7,"minecraft:interact_with_crafting_table":23,"minecraft:open_barrel":9,"minecraft:interact_with_campfire":16,"minecraft:damage_dealt_resisted":711,"minecraft:leave_game":4,"minecraft:time_since_death":0,"minecraft:climb_one_cm":19225,"minecraft:damage_resisted":222,"minecraft:sprint_one_cm":462600,"minecraft:walk_one_cm":298919,"minecraft:drop":60,"minecraft:damage_dealt_absorbed":478,"minecraft:talked_to_villager":2,"minecraft:play_time":138193,"minecraft:deaths":15,"minecraft:sneak_time":3270,"minecraft:walk_under_water_one_cm":2708,"minecraft:jump":2052,"minecraft:interact_with_blast_furnace":6,"minecraft:walk_on_water_one_cm":22685,"minecraft:total_world_time":138193,"minecraft:interact_with_furnace":18,"minecraft:interact_with_cartography_table":1,"minecraft:sleep_in_bed":5,"minecraft:time_since_rest":850,"minecraft:damage_taken":6069,"minecraft:damage_absorbed":120,"minecraft:damage_dealt":1126,"minecraft:swim_one_cm":21902,"minecraft:fly_one_cm":279519,"minecraft:open_chest":22,"minecraft:crouch_one_cm":4336,"minecraft:interact_with_smoker":15,"minecraft:fall_one_cm":41666},"minecraft:picked_up":{"minecraft:wooden_axe":1,"more_gems:sapphire":4,"minecraft:crafting_table":2,"minecraft:cocoa_beans":3,"minecraft:iron_chestplate":1,"more_gems:alexandrite":2,"minecraft:creeper_head":1,"minecraft:leather_leggings":1,"more_gems:topaz":1,"minecraft:wooden_pickaxe":1,"more_gems:tourmaline":3,"minecraft:raw_copper":5,"minecraft:wooden_sword":1,"minecraft:iron_leggings":2,"minecraft:cobbled_deepslate":28,"minecraft:melon_slice":20,"minecraft:birch_sapling":15,"minecraft:iron_boots":2,"minecraft:egg":1,"minecraft:stick":28,"minecraft:raw_iron":83,"minecraft:stone":16,"minecraft:torch":44,"minecraft:cookie":29,"minecraft:diorite":12,"minecraft:rotten_flesh":1,"minecraft:stone_sword":3,"minecraft:arrow":5,"minecraft:gold_ingot":7,"minecraft:mutton":3,"minecraft:white_wool":6,"minecraft:cobblestone":970,"minecraft:birch_log":44,"minecraft:andesite":18,"minecraft:potato":24,"minecraft:birch_planks":24,"minecraft:tuff":1,"minecraft:oak_log":10,"more_gems:sharpening_gem":2,"more_gems:spinel":1,"minecraft:lapis_lazuli":56,"minecraft:dirt":18,"artifacts:shock_pendant":1,"minecraft:bone":7,"minecraft:apple":6,"minecraft:wheat_seeds":2,"minecraft:raw_gold":1,"minecraft:iron_ingot":1,"minecraft:stone_pickaxe":2,"minecraft:book":1,"justhammers:iron_hammer":2,"minecraft:jungle_planks":28,"more_gems:carbonado":8,"justhammers:stone_hammer":1,"minecraft:blast_furnace":2,"minecraft:white_bed":8,"minecraft:diamond":4,"minecraft:stone_axe":1,"more_gems:kunzite":2,"minecraft:iron_helmet":1,"minecraft:emerald":5,"minecraft:bread":11,"minecraft:baked_potato":26,"minecraft:oak_sapling":12,"minecraft:coal":120},"minecraft:killed":{"minecraft:skeleton":2,"minecraft:chicken":1,"minecraft:sheep":2,"minecraft:zombie":2},"minecraft:crafted":{"minecraft:oak_planks":40,"minecraft:furnace":4,"minecraft:stone_pickaxe":3,"minecraft:crafting_table":1,"minecraft:wooden_pickaxe":1,"minecraft:baked_potato":17,"minecraft:iron_sword":2,"minecraft:birch_planks":64,"minecraft:stone_axe":1,"minecraft:air":0,"justhammers:iron_hammer":3,"minecraft:diamond_pickaxe":1,"minecraft:stick":20,"minecraft:iron_ingot":22,"minecraft:iron_pickaxe":2,"minecraft:torch":16},"minecraft:dropped":{"minecraft:bread":5,"minecraft:iron_sword":1,"minecraft:wheat_seeds":1,"minecraft:baked_potato":1,"artifacts:shock_pendant":1,"minecraft:cookie":21,"minecraft:cobblestone":769,"minecraft:jungle_planks":14,"minecraft:stick":1,"minecraft:dirt":1,"minecraft:diorite":12,"minecraft:melon_slice":1,"minecraft:iron_leggings":1,"minecraft:wooden_sword":1,"minecraft:iron_pickaxe":1,"minecraft:white_wool":4,"minecraft:bone":3,"minecraft:creeper_head":1,"minecraft:stone_sword":1,"minecraft:cobbled_deepslate":11,"minecraft:cocoa_beans":3,"minecraft:raw_iron":13,"minecraft:rotten_flesh":1,"minecraft:iron_boots":1,"justhammers:iron_hammer":2,"minecraft:white_bed":1,"minecraft:blast_furnace":2,"justhammers:stone_hammer":1,"minecraft:stone":16,"minecraft:andesite":17,"minecraft:oak_sapling":2,"minecraft:leather_leggings":1,"minecraft:wooden_pickaxe":2,"minecraft:stone_pickaxe":3}},"DataVersion":3465}