{
  "stellarity:cursed_tome/root": {
    "criteria": {
      "requirement": "2024-05-25 00:32:33 +0000"
    },
    "done": true
  },
  "minecraft:recipes/decorations/crafting_table": {
    "criteria": {
      "unlock_right_away": "2024-05-25 00:32:33 +0000"
    },
    "done": true
  },
  "stellarity:dragons_den/cursed_tome/root": {
    "criteria": {
      "requirement": "2024-05-25 00:32:33 +0000"
    },
    "done": true
  },
  "dungeons_arise:wda_root": {
    "criteria": {
      "WDA": "2024-05-25 00:32:33 +0000"
    },
    "done": true
  },
  "minecraft:adventure/adventuring_time": {
    "criteria": {
      "minecraft:birch_forest": "2024-05-25 00:47:22 +0000",
      "minecraft:bamboo_jungle": "2024-05-25 00:54:57 +0000",
      "minecraft:dark_forest": "2024-05-25 00:32:34 +0000",
      "minecraft:sparse_jungle": "2024-05-25 00:51:26 +0000",
      "minecraft:river": "2024-05-25 00:45:55 +0000",
      "minecraft:dripstone_caves": "2024-05-25 02:25:29 +0000",
      "minecraft:forest": "2024-05-25 01:44:24 +0000",
      "minecraft:lush_caves": "2024-05-25 01:53:35 +0000",
      "minecraft:jungle": "2024-05-25 00:50:48 +0000"
    },
    "done": false
  },
  "advancednetherite:recipes/building_blocks/netherite_iron_block": {
    "criteria": {
      "has_the_recipe": "2024-05-25 00:35:33 +0000"
    },
    "done": true
  },
  "advancednetherite:recipes/netherite_gold_block": {
    "criteria": {
      "has_ingredients": "2024-05-25 00:35:33 +0000"
    },
    "done": true
  },
  "advancednetherite:recipes/building_blocks/netherite_emerald_block": {
    "criteria": {
      "has_the_recipe": "2024-05-25 00:35:33 +0000"
    },
    "done": true
  },
  "advancednetherite:recipes/misc/netherite_iron_ingot_from_block": {
    "criteria": {
      "has_the_recipe": "2024-05-25 00:35:33 +0000"
    },
    "done": true
  },
  "advancednetherite:recipes/misc/netherite_diamond_ingot_from_block": {
    "criteria": {
      "has_the_recipe": "2024-05-25 00:35:33 +0000"
    },
    "done": true
  },
  "advancednetherite:recipes/building_blocks/netherite_diamond_block": {
    "criteria": {
      "has_the_recipe": "2024-05-25 00:35:33 +0000"
    },
    "done": true
  },
  "advancednetherite:recipes/misc/netherite_emerald_ingot": {
    "criteria": {
      "has_the_recipe": "2024-05-25 00:35:33 +0000"
    },
    "done": true
  },
  "advancednetherite:recipes/misc/netherite_emerald_ingot_from_block": {
    "criteria": {
      "has_the_recipe": "2024-05-25 00:35:33 +0000"
    },
    "done": true
  },
  "advancednetherite:recipes/netherite_iron_block": {
    "criteria": {
      "has_ingredients": "2024-05-25 00:35:33 +0000"
    },
    "done": true
  },
  "advancednetherite:recipes/building_blocks/netherite_gold_block": {
    "criteria": {
      "has_the_recipe": "2024-05-25 00:35:33 +0000"
    },
    "done": true
  },
  "advancednetherite:recipes/netherite_diamond_block": {
    "criteria": {
      "has_ingredients": "2024-05-25 00:35:33 +0000"
    },
    "done": true
  },
  "advancednetherite:recipes/netherite_ingots": {
    "criteria": {
      "has_ingredients": "2024-05-25 00:35:33 +0000"
    },
    "done": true
  },
  "advancednetherite:recipes/misc/netherite_gold_ingot": {
    "criteria": {
      "has_the_recipe": "2024-05-25 00:35:33 +0000"
    },
    "done": true
  },
  "advancednetherite:recipes/misc/netherite_diamond_ingot": {
    "criteria": {
      "has_the_recipe": "2024-05-25 00:35:33 +0000"
    },
    "done": true
  },
  "advancednetherite:recipes/netherite_emerald_block": {
    "criteria": {
      "has_ingredients": "2024-05-25 00:35:33 +0000"
    },
    "done": true
  },
  "advancednetherite:recipes/misc/netherite_iron_ingot": {
    "criteria": {
      "has_the_recipe": "2024-05-25 00:35:33 +0000"
    },
    "done": true
  },
  "advancednetherite:recipes/misc/netherite_gold_ingot_from_block": {
    "criteria": {
      "has_the_recipe": "2024-05-25 00:35:33 +0000"
    },
    "done": true
  },
  "minecraft:husbandry/root": {
    "criteria": {
      "consumed_item": "2024-05-25 00:37:46 +0000"
    },
    "done": true
  },
  "minecraft:husbandry/balanced_diet": {
    "criteria": {
      "baked_potato": "2024-05-25 02:31:59 +0000",
      "porkchop": "2024-05-25 00:48:04 +0000",
      "apple": "2024-05-25 00:37:46 +0000",
      "bread": "2024-05-25 01:19:24 +0000",
      "cookie": "2024-05-25 01:19:53 +0000",
      "melon_slice": "2024-05-25 01:05:28 +0000"
    },
    "done": false
  },
  "mutantmonsters:root": {
    "criteria": {
      "killed_by_something": "2024-05-25 00:38:43 +0000"
    },
    "done": true
  },
  "stellarity:events/on_death": {
    "criteria": {
      "requirement": "2024-05-25 00:38:43 +0000"
    },
    "done": true
  },
  "minecraft:adventure/root": {
    "criteria": {
      "killed_by_something": "2024-05-25 00:38:43 +0000"
    },
    "done": true
  },
  "minecraft:recipes/decorations/ladder": {
    "criteria": {
      "has_stick": "2024-05-25 00:45:08 +0000"
    },
    "done": true
  },
  "minecraft:recipes/tools/wooden_axe": {
    "criteria": {
      "has_stick": "2024-05-25 00:45:08 +0000"
    },
    "done": true
  },
  "minecraft:recipes/building_blocks/birch_wood": {
    "criteria": {
      "has_log": "2024-05-25 00:45:08 +0000"
    },
    "done": true
  },
  "minecraft:recipes/building_blocks/birch_planks": {
    "criteria": {
      "has_logs": "2024-05-25 00:45:08 +0000"
    },
    "done": true
  },
  "minecraft:recipes/decorations/campfire": {
    "criteria": {
      "has_stick": "2024-05-25 00:45:08 +0000"
    },
    "done": true
  },
  "minecraft:recipes/tools/wooden_hoe": {
    "criteria": {
      "has_stick": "2024-05-25 00:45:08 +0000"
    },
    "done": true
  },
  "minecraft:recipes/misc/charcoal": {
    "criteria": {
      "has_log": "2024-05-25 00:45:08 +0000"
    },
    "done": true
  },
  "minecraft:recipes/tools/wooden_pickaxe": {
    "criteria": {
      "has_stick": "2024-05-25 00:45:08 +0000"
    },
    "done": true
  },
  "minecraft:recipes/tools/wooden_shovel": {
    "criteria": {
      "has_stick": "2024-05-25 00:45:08 +0000"
    },
    "done": true
  },
  "paraglider:recipes/misc/paraglider": {
    "criteria": {
      "has_stick": "2024-05-25 00:45:08 +0000"
    },
    "done": true
  },
  "minecraft:recipes/combat/wooden_sword": {
    "criteria": {
      "has_stick": "2024-05-25 00:45:08 +0000"
    },
    "done": true
  },
  "minecraft:recipes/redstone/birch_button": {
    "criteria": {
      "has_planks": "2024-05-25 00:45:11 +0000"
    },
    "done": true
  },
  "minecraft:recipes/redstone/birch_door": {
    "criteria": {
      "has_planks": "2024-05-25 00:45:11 +0000"
    },
    "done": true
  },
  "minecraft:recipes/decorations/birch_fence": {
    "criteria": {
      "has_planks": "2024-05-25 00:45:11 +0000"
    },
    "done": true
  },
  "minecraft:recipes/misc/stick": {
    "criteria": {
      "has_planks": "2024-05-25 00:45:11 +0000"
    },
    "done": true
  },
  "minecraft:recipes/decorations/birch_sign": {
    "criteria": {
      "has_planks": "2024-05-25 00:45:11 +0000"
    },
    "done": true
  },
  "minecraft:recipes/redstone/birch_fence_gate": {
    "criteria": {
      "has_planks": "2024-05-25 00:45:11 +0000"
    },
    "done": true
  },
  "minecraft:recipes/building_blocks/birch_slab": {
    "criteria": {
      "has_planks": "2024-05-25 00:45:11 +0000"
    },
    "done": true
  },
  "minecraft:recipes/building_blocks/birch_stairs": {
    "criteria": {
      "has_planks": "2024-05-25 00:45:11 +0000"
    },
    "done": true
  },
  "expandedstorage:recipes/misc/wood_to_copper_conversion_kit": {
    "criteria": {
      "has_item": "2024-05-25 00:45:11 +0000"
    },
    "done": true
  },
  "minecraft:recipes/redstone/birch_trapdoor": {
    "criteria": {
      "has_planks": "2024-05-25 00:45:11 +0000"
    },
    "done": true
  },
  "minecraft:recipes/decorations/barrel": {
    "criteria": {
      "has_planks": "2024-05-25 00:45:11 +0000"
    },
    "done": true
  },
  "minecraft:recipes/redstone/birch_pressure_plate": {
    "criteria": {
      "has_planks": "2024-05-25 00:45:11 +0000"
    },
    "done": true
  },
  "paraglider:root": {
    "criteria": {
      "crafting_table": "2024-05-25 00:45:13 +0000"
    },
    "done": true
  },
  "aquamirae:adventure/root": {
    "criteria": {
      "crafting_table": "2024-05-25 00:45:13 +0000"
    },
    "done": true
  },
  "minecraft:story/root": {
    "criteria": {
      "crafting_table": "2024-05-25 00:45:13 +0000"
    },
    "done": true
  },
  "minecraft:recipes/transportation/cherry_boat": {
    "criteria": {
      "in_water": "2024-05-25 00:45:31 +0000"
    },
    "done": true
  },
  "minecraft:recipes/transportation/bamboo_raft": {
    "criteria": {
      "in_water": "2024-05-25 00:45:31 +0000"
    },
    "done": true
  },
  "minecraft:recipes/transportation/spruce_boat": {
    "criteria": {
      "in_water": "2024-05-25 00:45:31 +0000"
    },
    "done": true
  },
  "minecraft:recipes/transportation/birch_boat": {
    "criteria": {
      "in_water": "2024-05-25 00:45:31 +0000"
    },
    "done": true
  },
  "minecraft:recipes/transportation/oak_boat": {
    "criteria": {
      "in_water": "2024-05-25 00:45:31 +0000"
    },
    "done": true
  },
  "minecraft:recipes/transportation/mangrove_boat": {
    "criteria": {
      "in_water": "2024-05-25 00:45:31 +0000"
    },
    "done": true
  },
  "minecraft:recipes/transportation/acacia_boat": {
    "criteria": {
      "in_water": "2024-05-25 00:45:31 +0000"
    },
    "done": true
  },
  "minecraft:recipes/transportation/jungle_boat": {
    "criteria": {
      "in_water": "2024-05-25 00:45:31 +0000"
    },
    "done": true
  },
  "minecraft:recipes/transportation/dark_oak_boat": {
    "criteria": {
      "in_water": "2024-05-25 00:45:31 +0000"
    },
    "done": true
  },
  "minecraft:recipes/redstone/lever": {
    "criteria": {
      "has_cobblestone": "2024-05-25 00:46:22 +0000"
    },
    "done": true
  },
  "minecraft:recipes/combat/stone_sword": {
    "criteria": {
      "has_cobblestone": "2024-05-25 00:46:22 +0000"
    },
    "done": true
  },
  "minecraft:recipes/decorations/cobblestone_wall": {
    "criteria": {
      "has_cobblestone": "2024-05-25 00:46:22 +0000"
    },
    "done": true
  },
  "minecraft:recipes/tools/stone_axe": {
    "criteria": {
      "has_cobblestone": "2024-05-25 00:46:22 +0000"
    },
    "done": true
  },
  "minecraft:story/mine_stone": {
    "criteria": {
      "get_stone": "2024-05-25 00:46:22 +0000"
    },
    "done": true
  },
  "minecraft:recipes/decorations/furnace": {
    "criteria": {
      "has_cobblestone": "2024-05-25 00:46:22 +0000"
    },
    "done": true
  },
  "minecraft:recipes/building_blocks/cobblestone_slab_from_cobblestone_stonecutting": {
    "criteria": {
      "has_cobblestone": "2024-05-25 00:46:22 +0000"
    },
    "done": true
  },
  "minecraft:recipes/building_blocks/stone": {
    "criteria": {
      "has_cobblestone": "2024-05-25 00:46:22 +0000"
    },
    "done": true
  },
  "minecraft:recipes/tools/stone_pickaxe": {
    "criteria": {
      "has_cobblestone": "2024-05-25 00:46:22 +0000"
    },
    "done": true
  },
  "minecraft:recipes/building_blocks/cobblestone_slab": {
    "criteria": {
      "has_cobblestone": "2024-05-25 00:46:22 +0000"
    },
    "done": true
  },
  "minecraft:recipes/decorations/cobblestone_wall_from_cobblestone_stonecutting": {
    "criteria": {
      "has_cobblestone": "2024-05-25 00:46:22 +0000"
    },
    "done": true
  },
  "minecraft:recipes/building_blocks/cobblestone_stairs_from_cobblestone_stonecutting": {
    "criteria": {
      "has_cobblestone": "2024-05-25 00:46:22 +0000"
    },
    "done": true
  },
  "minecraft:recipes/building_blocks/cobblestone_stairs": {
    "criteria": {
      "has_cobblestone": "2024-05-25 00:46:22 +0000"
    },
    "done": true
  },
  "minecraft:recipes/tools/stone_hoe": {
    "criteria": {
      "has_cobblestone": "2024-05-25 00:46:22 +0000"
    },
    "done": true
  },
  "minecraft:recipes/tools/stone_shovel": {
    "criteria": {
      "has_cobblestone": "2024-05-25 00:46:22 +0000"
    },
    "done": true
  },
  "minecraft:recipes/decorations/torch": {
    "criteria": {
      "has_stone_pickaxe": "2024-05-25 00:46:40 +0000"
    },
    "done": true
  },
  "minecraft:story/upgrade_tools": {
    "criteria": {
      "stone_pickaxe": "2024-05-25 00:46:40 +0000"
    },
    "done": true
  },
  "minecraft:recipes/building_blocks/raw_iron_block": {
    "criteria": {
      "has_raw_iron": "2024-05-25 00:46:50 +0000"
    },
    "done": true
  },
  "minecraft:recipes/misc/iron_ingot_from_smelting_raw_iron": {
    "criteria": {
      "has_raw_iron": "2024-05-25 00:46:50 +0000"
    },
    "done": true
  },
  "minecraft:recipes/misc/iron_ingot_from_blasting_raw_iron": {
    "criteria": {
      "has_raw_iron": "2024-05-25 00:46:50 +0000"
    },
    "done": true
  },
  "minecraft:recipes/decorations/chest": {
    "criteria": {
      "has_lots_of_items": "2024-05-25 00:47:13 +0000"
    },
    "done": true
  },
  "minecraft:recipes/food/cooked_porkchop_from_campfire_cooking": {
    "criteria": {
      "has_porkchop": "2024-05-25 00:47:47 +0000"
    },
    "done": true
  },
  "minecraft:recipes/food/cooked_porkchop": {
    "criteria": {
      "has_porkchop": "2024-05-25 00:47:47 +0000"
    },
    "done": true
  },
  "minecraft:recipes/food/cooked_porkchop_from_smoking": {
    "criteria": {
      "has_porkchop": "2024-05-25 00:47:47 +0000"
    },
    "done": true
  },
  "minecraft:recipes/misc/melon_seeds": {
    "criteria": {
      "has_melon": "2024-05-25 01:05:26 +0000"
    },
    "done": true
  },
  "minecraft:recipes/brewing/glistering_melon_slice": {
    "criteria": {
      "has_melon": "2024-05-25 01:05:26 +0000"
    },
    "done": true
  },
  "minecraft:recipes/building_blocks/melon": {
    "criteria": {
      "has_melon": "2024-05-25 01:05:26 +0000"
    },
    "done": true
  },
  "minecraft:recipes/food/cake": {
    "criteria": {
      "has_egg": "2024-05-25 01:05:48 +0000"
    },
    "done": true
  },
  "minecraft:recipes/food/cooked_beef_from_smoking": {
    "criteria": {
      "has_beef": "2024-05-25 01:06:11 +0000"
    },
    "done": true
  },
  "minecraft:recipes/food/cooked_beef": {
    "criteria": {
      "has_beef": "2024-05-25 01:06:11 +0000"
    },
    "done": true
  },
  "minecraft:recipes/food/cooked_beef_from_campfire_cooking": {
    "criteria": {
      "has_beef": "2024-05-25 01:06:11 +0000"
    },
    "done": true
  },
  "minecraft:recipes/combat/leather_helmet": {
    "criteria": {
      "has_leather": "2024-05-25 01:06:22 +0000"
    },
    "done": true
  },
  "minecraft:recipes/combat/leather_leggings": {
    "criteria": {
      "has_leather": "2024-05-25 01:06:22 +0000"
    },
    "done": true
  },
  "minecraft:recipes/combat/leather_chestplate": {
    "criteria": {
      "has_leather": "2024-05-25 01:06:22 +0000"
    },
    "done": true
  },
  "minecraft:recipes/misc/leather_horse_armor": {
    "criteria": {
      "has_leather": "2024-05-25 01:06:22 +0000"
    },
    "done": true
  },
  "sophisticatedbackpacks:recipes/misc/backpack": {
    "criteria": {
      "has_leather": "2024-05-25 01:06:22 +0000"
    },
    "done": true
  },
  "minecraft:recipes/decorations/item_frame": {
    "criteria": {
      "has_leather": "2024-05-25 01:06:22 +0000"
    },
    "done": true
  },
  "sophisticatedbackpacks:recipes/misc/upgrade_base": {
    "criteria": {
      "has_leather": "2024-05-25 01:06:22 +0000"
    },
    "done": true
  },
  "minecraft:recipes/combat/leather_boots": {
    "criteria": {
      "has_leather": "2024-05-25 01:06:22 +0000"
    },
    "done": true
  },
  "minecraft:recipes/misc/bone_meal_from_bone_block": {
    "criteria": {
      "has_bone_block": "2024-05-25 01:07:06 +0000"
    },
    "done": true
  },
  "minecraft:recipes/food/baked_potato_from_campfire_cooking": {
    "criteria": {
      "has_potato": "2024-05-25 01:09:54 +0000"
    },
    "done": true
  },
  "minecraft:recipes/food/baked_potato": {
    "criteria": {
      "has_potato": "2024-05-25 01:09:54 +0000"
    },
    "done": true
  },
  "minecraft:recipes/food/baked_potato_from_smoking": {
    "criteria": {
      "has_potato": "2024-05-25 01:09:54 +0000"
    },
    "done": true
  },
  "minecraft:adventure/sleep_in_bed": {
    "criteria": {
      "slept_in_bed": "2024-05-25 01:10:23 +0000"
    },
    "done": true
  },
  "minecraft:recipes/misc/iron_nugget_from_smelting": {
    "criteria": {
      "has_iron_pickaxe": "2024-05-25 01:15:04 +0000"
    },
    "done": true
  },
  "minecraft:story/iron_tools": {
    "criteria": {
      "iron_pickaxe": "2024-05-25 01:15:04 +0000"
    },
    "done": true
  },
  "minecraft:recipes/misc/iron_nugget_from_blasting": {
    "criteria": {
      "has_iron_pickaxe": "2024-05-25 01:15:04 +0000"
    },
    "done": true
  },
  "minecraft:recipes/tools/flint_and_steel": {
    "criteria": {
      "has_obsidian": "2024-05-25 01:17:12 +0000"
    },
    "done": true
  },
  "minecraft:story/form_obsidian": {
    "criteria": {
      "obsidian": "2024-05-25 01:17:12 +0000"
    },
    "done": true
  },
  "minecraft:recipes/decorations/enchanting_table": {
    "criteria": {
      "has_obsidian": "2024-05-25 01:17:12 +0000"
    },
    "done": true
  },
  "stellarity:recipes/crying_obsidian_with_popped_chorus": {
    "criteria": {
      "has_item1": "2024-05-25 01:17:12 +0000"
    },
    "done": true
  },
  "expandedstorage:recipes/misc/obsidian_to_netherite_conversion_kit": {
    "criteria": {
      "has_item": "2024-05-25 01:17:12 +0000"
    },
    "done": true
  },
  "minecraft:recipes/building_blocks/emerald_block": {
    "criteria": {
      "has_emerald": "2024-05-25 01:21:10 +0000"
    },
    "done": true
  },
  "minecraft:adventure/trade": {
    "criteria": {
      "traded": "2024-05-25 01:21:10 +0000"
    },
    "done": true
  },
  "minecraft:recipes/building_blocks/jungle_wood": {
    "criteria": {
      "has_log": "2024-05-25 01:42:17 +0000"
    },
    "done": true
  },
  "minecraft:recipes/building_blocks/jungle_planks": {
    "criteria": {
      "has_logs": "2024-05-25 01:42:17 +0000"
    },
    "done": true
  },
  "minecraft:recipes/building_blocks/stone_bricks": {
    "criteria": {
      "has_stone": "2024-05-25 01:42:29 +0000"
    },
    "done": true
  },
  "minecraft:recipes/building_blocks/stone_bricks_from_stone_stonecutting": {
    "criteria": {
      "has_stone": "2024-05-25 01:42:29 +0000"
    },
    "done": true
  },
  "minecraft:recipes/building_blocks/stone_slab": {
    "criteria": {
      "has_stone": "2024-05-25 01:42:29 +0000"
    },
    "done": true
  },
  "minecraft:recipes/building_blocks/stone_stairs_from_stone_stonecutting": {
    "criteria": {
      "has_stone": "2024-05-25 01:42:29 +0000"
    },
    "done": true
  },
  "minecraft:recipes/redstone/stone_button": {
    "criteria": {
      "has_stone": "2024-05-25 01:42:29 +0000"
    },
    "done": true
  },
  "justhammers:recipes/tools/stone_reinforced_impact_hammer": {
    "criteria": {
      "has_material": "2024-05-25 01:42:29 +0000"
    },
    "done": true
  },
  "minecraft:recipes/decorations/stonecutter": {
    "criteria": {
      "has_stone": "2024-05-25 01:42:29 +0000"
    },
    "done": true
  },
  "minecraft:recipes/redstone/stone_pressure_plate": {
    "criteria": {
      "has_stone": "2024-05-25 01:42:29 +0000"
    },
    "done": true
  },
  "justhammers:recipes/tools/stone_destructor_hammer": {
    "criteria": {
      "has_material": "2024-05-25 01:42:29 +0000"
    },
    "done": true
  },
  "minecraft:recipes/building_blocks/smooth_stone": {
    "criteria": {
      "has_stone": "2024-05-25 01:42:29 +0000"
    },
    "done": true
  },
  "minecraft:recipes/decorations/stone_brick_walls_from_stone_stonecutting": {
    "criteria": {
      "has_stone": "2024-05-25 01:42:29 +0000"
    },
    "done": true
  },
  "justhammers:recipes/tools/stone_impact_hammer": {
    "criteria": {
      "has_material": "2024-05-25 01:42:29 +0000"
    },
    "done": true
  },
  "minecraft:recipes/building_blocks/stone_brick_slab_from_stone_stonecutting": {
    "criteria": {
      "has_stone": "2024-05-25 01:42:29 +0000"
    },
    "done": true
  },
  "minecraft:recipes/building_blocks/stone_brick_stairs_from_stone_stonecutting": {
    "criteria": {
      "has_stone": "2024-05-25 01:42:29 +0000"
    },
    "done": true
  },
  "minecraft:recipes/building_blocks/stone_slab_from_stone_stonecutting": {
    "criteria": {
      "has_stone": "2024-05-25 01:42:29 +0000"
    },
    "done": true
  },
  "justhammers:recipes/tools/stone_hammer": {
    "criteria": {
      "has_material": "2024-05-25 01:42:29 +0000"
    },
    "done": true
  },
  "minecraft:recipes/building_blocks/chiseled_stone_bricks_stone_from_stonecutting": {
    "criteria": {
      "has_stone": "2024-05-25 01:42:29 +0000"
    },
    "done": true
  },
  "justhammers:recipes/tools/stone_reinforced_hammer": {
    "criteria": {
      "has_material": "2024-05-25 01:42:29 +0000"
    },
    "done": true
  },
  "minecraft:recipes/building_blocks/stone_stairs": {
    "criteria": {
      "has_stone": "2024-05-25 01:42:29 +0000"
    },
    "done": true
  },
  "minecraft:recipes/redstone/jungle_button": {
    "criteria": {
      "has_planks": "2024-05-25 01:42:59 +0000"
    },
    "done": true
  },
  "minecraft:recipes/building_blocks/jungle_stairs": {
    "criteria": {
      "has_planks": "2024-05-25 01:42:59 +0000"
    },
    "done": true
  },
  "minecraft:recipes/redstone/jungle_fence_gate": {
    "criteria": {
      "has_planks": "2024-05-25 01:42:59 +0000"
    },
    "done": true
  },
  "minecraft:recipes/redstone/jungle_trapdoor": {
    "criteria": {
      "has_planks": "2024-05-25 01:42:59 +0000"
    },
    "done": true
  },
  "minecraft:recipes/decorations/jungle_sign": {
    "criteria": {
      "has_planks": "2024-05-25 01:42:59 +0000"
    },
    "done": true
  },
  "minecraft:recipes/redstone/jungle_door": {
    "criteria": {
      "has_planks": "2024-05-25 01:42:59 +0000"
    },
    "done": true
  },
  "minecraft:recipes/decorations/jungle_fence": {
    "criteria": {
      "has_planks": "2024-05-25 01:42:59 +0000"
    },
    "done": true
  },
  "minecraft:recipes/redstone/jungle_pressure_plate": {
    "criteria": {
      "has_planks": "2024-05-25 01:42:59 +0000"
    },
    "done": true
  },
  "minecraft:recipes/building_blocks/jungle_slab": {
    "criteria": {
      "has_planks": "2024-05-25 01:42:59 +0000"
    },
    "done": true
  },
  "justhammers:recipes/tools/reinforced_core": {
    "criteria": {
      "has_material": "2024-05-25 01:43:14 +0000"
    },
    "done": true
  },
  "justhammers:recipes/tools/destructor_core": {
    "criteria": {
      "has_material": "2024-05-25 01:43:14 +0000"
    },
    "done": true
  },
  "justhammers:recipes/tools/reinforced_impact_core": {
    "criteria": {
      "has_material": "2024-05-25 01:43:14 +0000"
    },
    "done": true
  },
  "justhammers:recipes/tools/impact_core": {
    "criteria": {
      "has_material": "2024-05-25 01:43:14 +0000"
    },
    "done": true
  },
  "minecraft:recipes/misc/copper_ingot_from_blasting_raw_copper": {
    "criteria": {
      "has_raw_copper": "2024-05-25 01:43:28 +0000"
    },
    "done": true
  },
  "minecraft:recipes/building_blocks/raw_copper_block": {
    "criteria": {
      "has_raw_copper": "2024-05-25 01:43:28 +0000"
    },
    "done": true
  },
  "minecraft:recipes/misc/copper_ingot_from_smelting_raw_copper": {
    "criteria": {
      "has_raw_copper": "2024-05-25 01:43:28 +0000"
    },
    "done": true
  },
  "minecraft:recipes/building_blocks/coal_block": {
    "criteria": {
      "has_coal": "2024-05-25 01:46:13 +0000"
    },
    "done": true
  },
  "minecraft:recipes/combat/iron_leggings": {
    "criteria": {
      "has_iron_ingot": "2024-05-25 01:50:29 +0000"
    },
    "done": true
  },
  "minecraft:recipes/combat/iron_chestplate": {
    "criteria": {
      "has_iron_ingot": "2024-05-25 01:50:29 +0000"
    },
    "done": true
  },
  "minecraft:recipes/misc/iron_nugget": {
    "criteria": {
      "has_iron_ingot": "2024-05-25 01:50:29 +0000"
    },
    "done": true
  },
  "minecraft:recipes/misc/bucket": {
    "criteria": {
      "has_iron_ingot": "2024-05-25 01:50:29 +0000"
    },
    "done": true
  },
  "minecraft:recipes/combat/iron_helmet": {
    "criteria": {
      "has_iron_ingot": "2024-05-25 01:50:29 +0000"
    },
    "done": true
  },
  "minecraft:recipes/transportation/minecart": {
    "criteria": {
      "has_iron_ingot": "2024-05-25 01:50:29 +0000"
    },
    "done": true
  },
  "minecraft:recipes/tools/iron_hoe": {
    "criteria": {
      "has_iron_ingot": "2024-05-25 01:50:29 +0000"
    },
    "done": true
  },
  "expandedstorage:recipes/misc/iron_to_gold_conversion_kit": {
    "criteria": {
      "has_item": "2024-05-25 01:50:29 +0000"
    },
    "done": true
  },
  "minecraft:story/smelt_iron": {
    "criteria": {
      "iron": "2024-05-25 01:50:29 +0000"
    },
    "done": true
  },
  "minecraft:recipes/tools/shears": {
    "criteria": {
      "has_iron_ingot": "2024-05-25 01:50:29 +0000"
    },
    "done": true
  },
  "minecraft:recipes/decorations/chain": {
    "criteria": {
      "has_iron_ingot": "2024-05-25 01:50:29 +0000"
    },
    "done": true
  },
  "minecraft:recipes/building_blocks/iron_block": {
    "criteria": {
      "has_iron_ingot": "2024-05-25 01:50:29 +0000"
    },
    "done": true
  },
  "minecraft:recipes/decorations/smithing_table": {
    "criteria": {
      "has_iron_ingot": "2024-05-25 01:50:29 +0000"
    },
    "done": true
  },
  "minecraft:recipes/combat/iron_sword": {
    "criteria": {
      "has_iron_ingot": "2024-05-25 01:50:29 +0000"
    },
    "done": true
  },
  "minecraft:recipes/tools/iron_pickaxe": {
    "criteria": {
      "has_iron_ingot": "2024-05-25 01:50:29 +0000"
    },
    "done": true
  },
  "minecraft:recipes/combat/shield": {
    "criteria": {
      "has_iron_ingot": "2024-05-25 01:50:29 +0000"
    },
    "done": true
  },
  "minecraft:recipes/redstone/hopper": {
    "criteria": {
      "has_iron_ingot": "2024-05-25 01:50:29 +0000"
    },
    "done": true
  },
  "minecraft:recipes/decorations/iron_bars": {
    "criteria": {
      "has_iron_ingot": "2024-05-25 01:50:29 +0000"
    },
    "done": true
  },
  "justhammers:recipes/tools/iron_hammer": {
    "criteria": {
      "has_material": "2024-05-25 01:50:29 +0000"
    },
    "done": true
  },
  "minecraft:recipes/combat/iron_boots": {
    "criteria": {
      "has_iron_ingot": "2024-05-25 01:50:29 +0000"
    },
    "done": true
  },
  "minecraft:recipes/decorations/lantern": {
    "criteria": {
      "has_iron_ingot": "2024-05-25 01:50:29 +0000"
    },
    "done": true
  },
  "minecraft:recipes/tools/iron_shovel": {
    "criteria": {
      "has_iron_ingot": "2024-05-25 01:50:29 +0000"
    },
    "done": true
  },
  "minecraft:recipes/redstone/iron_trapdoor": {
    "criteria": {
      "has_iron_ingot": "2024-05-25 01:50:29 +0000"
    },
    "done": true
  },
  "minecraft:recipes/tools/iron_axe": {
    "criteria": {
      "has_iron_ingot": "2024-05-25 01:50:29 +0000"
    },
    "done": true
  },
  "minecraft:recipes/combat/crossbow": {
    "criteria": {
      "has_iron_ingot": "2024-05-25 01:50:29 +0000"
    },
    "done": true
  },
  "minecraft:recipes/redstone/iron_door": {
    "criteria": {
      "has_iron_ingot": "2024-05-25 01:50:29 +0000"
    },
    "done": true
  },
  "minecraft:recipes/redstone/heavy_weighted_pressure_plate": {
    "criteria": {
      "has_iron_ingot": "2024-05-25 01:50:29 +0000"
    },
    "done": true
  },
  "minecraft:recipes/misc/brown_dye": {
    "criteria": {
      "has_cocoa_beans": "2024-05-25 02:12:24 +0000"
    },
    "done": true
  },
  "expandedstorage:recipes/misc/present": {
    "criteria": {
      "has_previous_block": "2024-05-25 02:07:06 +0000"
    },
    "done": true
  },
  "expandedstorage:recipes/misc/vanilla_wood_mini_chest": {
    "criteria": {
      "has_item": "2024-05-25 02:07:06 +0000"
    },
    "done": true
  },
  "minecraft:adventure/kill_all_mobs": {
    "criteria": {
      "minecraft:zombie": "2024-05-25 02:39:15 +0000"
    },
    "done": false
  },
  "expandedstorage:recipes/misc/pumpkin_chest": {
    "criteria": {
      "has_previous_block": "2024-05-25 02:07:06 +0000"
    },
    "done": true
  },
  "minecraft:recipes/food/cookie": {
    "criteria": {
      "has_cocoa": "2024-05-25 02:12:24 +0000"
    },
    "done": true
  },
  "expandedstorage:recipes/misc/storage_mutator": {
    "criteria": {
      "has_chest": "2024-05-25 02:07:06 +0000"
    },
    "done": true
  },
  "expandedstorage:recipes/misc/wood_chest": {
    "criteria": {
      "has_previous_block": "2024-05-25 02:07:06 +0000"
    },
    "done": true
  },
  "expandedstorage:recipes/misc/moss_chest": {
    "criteria": {
      "has_previous_block": "2024-05-25 02:07:06 +0000"
    },
    "done": true
  },
  "expandedstorage:recipes/misc/iron_chest": {
    "criteria": {
      "has_previous_block": "2024-05-25 02:07:06 +0000"
    },
    "done": true
  },
  "minecraft:recipes/building_blocks/oak_planks": {
    "criteria": {
      "has_logs": "2024-05-25 02:10:26 +0000"
    },
    "done": true
  },
  "minecraft:adventure/kill_a_mob": {
    "criteria": {
      "minecraft:zombie": "2024-05-25 02:39:15 +0000"
    },
    "done": true
  },
  "expandedstorage:recipes/misc/bamboo_chest": {
    "criteria": {
      "has_previous_block": "2024-05-25 02:07:06 +0000"
    },
    "done": true
  },
  "minecraft:recipes/decorations/jungle_hanging_sign": {
    "criteria": {
      "has_stripped_logs": "2024-05-25 02:17:50 +0000"
    },
    "done": true
  },
  "minecraft:recipes/building_blocks/oak_wood": {
    "criteria": {
      "has_log": "2024-05-25 02:10:26 +0000"
    },
    "done": true
  },
  "minecraft:recipes/building_blocks/stripped_jungle_wood": {
    "criteria": {
      "has_log": "2024-05-25 02:17:50 +0000"
    },
    "done": true
  },
  "DataVersion": 3465
}